{
  "testResult": [
    {
      "name": "kcg_Attention_1_32_2048_128_Br16Bc64Hd128_Sa16Sb8PTr4PTc4OTr4OTc8GLWQ4GLWK4GLWV4BLPY1BLPX1WLPY4WLPX16BSWQ2BSWK2WSWQ1WSWK1BLOY1BLOX1WLOY4WLOX16BSWP2BSWV2WSWP1WSWV1Un1W64LCP1LCO1SPP0RPP0RPO0",
      "speedup": 0.03656848252184321,
      "time": 293.0005187988281,
      "time_base": 10.714584350585938
    }
  ]
}